general_plant_id,watering,watering_general_benchmark,sunlight,soil,drought_tolerant,salt_tolerant,pruning_month,pruning_count,pest_susceptibility,flowers_detail,harvest_season,growth_rate,maintenance,care_level,watering_guide,sunlight_guide,pruning_guide
1,Frequent,"At least once ""7-10"" days",['full sun'],[],False,False,"['February', 'March', 'April']",,[],,,High,,Medium,,,
2,Average,"At least once ""7-10"" days",['full sun'],[],False,False,"['February', 'March', 'April']",,[],,,Low,,Medium,,,
3,Average,"At least once ""7-10"" days","['Full sun', 'part shade']","['Acidic', ' Rocky ', ' gravelly ', ' dry', ' Well-drained']",True,False,"['February', 'March', 'April']",,"['Aphids', 'adelgids', ' Canker', 'sap rot', ' Dieback', ' Root rot', '  Pest resistant', ' Disease resistant ']",,,Low,Moderate,Moderate,,,
4,Average,"At least once ""7-10"" days",['full sun'],[],True,False,"['February', 'June', 'July', 'February', 'June', 'July']",,[],,,Low,,Medium,,,
5,Frequent,"At least once ""6-12"" days","['full sun', 'part shade', 'filtered shade']",['Well-drained'],False,False,"['February', 'March', 'April', 'June', 'July', 'August']",,"['Aphids', 'adelgids', '  Pest resistant', ' Disease resistant ']",,,Moderate,Moderate,Medium,,,
6,Average,"At least once ""7-10"" days","['Full sun', 'part shade']",['Well-drained'],False,False,"['June', 'May']",,"['Aphids', 'adelgids', ' Blight', 'needle cast', ' Caterpillar', 'cutworm', ' Root rot', ' Rust', '  Pest resistant', ' Disease resistant', ' Deer resistant', ' Drought resistant ']",,,Low,Moderate,Medium,,,
7,Average,"At least once ""7-10"" days","['full sun', 'part shade']",['Loamy Rocky'],False,False,"['February', 'March', 'April']",,[],,,Low,,Medium,,,
8,Average,"At least once ""7-10"" days","['Full sun', 'part shade']",[],True,True,"['March', 'April', 'June', 'July', 'August', 'March', 'April', 'May', 'June', 'July', 'August']",,[],,,Low,Moderate,Medium,,,
9,Average,"At least once ""7-10"" days",['full sun'],['Loamy Rocky'],False,False,"['February', 'March', 'April']",,[],,,Low,,Medium,,,
10,Average,"At least once ""7-10"" days","['full sun', 'part shade']",[],False,False,"['March', 'April']",,[],,,Low,,Medium,,,
11,Average,"At least once ""3-4"" days","['Full sun', 'part shade']",[],True,False,"['March', 'April']",,[],Flowers in Spring,,Low,Low,Medium,,,
12,Average,,"['full sun', 'part shade']",[],True,False,"['February', 'February', 'March']",,[],,,Low,,Moderate,,,
13,Frequent,"At least once ""7-10"" days",['full sun'],[],True,False,"['February', 'March', 'April', 'May']",,[],,,High,,Moderate,,,
14,Frequent,"At least once ""7-10"" days","['full sun', 'part shade']",[],False,False,"['February', 'March', 'April']",,[],,,High,,Moderate,,,
15,Frequent,"At least once ""7-10"" days","['full sun', 'part shade']",[],True,False,"['May', 'June', 'July']",,[],,,Low,,,,,
16,Average,"At least once ""3-4"" days","['Full sun', 'part shade']","['Acidic', ' Well-drained']",False,False,"['March', 'April', 'August', 'March', 'April', 'August']",,"['Galls', ' Heart rot', ' Mites', ' Root rot', '  Pest resistant', ' Disease resistant ']",Flowers in Spring,Fall,Low,Low,Medium,,,
17,Average,"At least once ""3-4"" days","['Full sun', 'part shade']",[],True,False,"['February', 'March', 'April', 'May']",,[],Flowers in Spring,,Low,Low,Medium,,,
18,Average,"At least once ""7-10"" days","['Full sun', 'part shade']","['Humus rich', ' Well-drained']",True,False,"['March', 'April', 'June', 'July', 'August']",,"['Aphids', 'adelgids', ' Canker', 'sap rot', ' Caterpillar', 'cutworm', ' Fungal leaf spot', ' Galls', ' Heart rot', ' Mites', ' Root rot', ' Scale insects', ' Wilt']",Flowers in Spring,Fall,Moderate,Low,Medium,,,
19,Average,,"['full sun', 'part shade']",[],False,False,['February'],,[],,,High,,High,,,
20,Average,"At least once ""7-10"" days","['full sun', 'part shade']",[],False,False,"['February', 'March', 'April', 'March', 'April', 'May', 'June', 'July', 'August', 'September']",,[],,,Low,,Medium,,,
21,Average,,"['full sun', 'part shade', 'filtered shade']",[],True,False,"['March', 'April', 'May', 'June', 'July']",,[],,,Low,,,,,
22,Average,"At least once ""7-10"" days","['Full sun', 'part shade']",[],True,False,"['February', 'March', 'April']",,[],Flowers in Spring,,Low,Low,Medium,,,
23,Average,"At least once ""7-10"" days","['full sun', 'part sun/part shade']",['Sandy Loamy'],False,False,"['February', 'March', 'April', 'May', 'March', 'April', 'May', 'June', 'July', 'August', 'September']",,"['Fungal leaf spot', ' Heart rot', ' Mildew', '  Pest resistant', ' Disease resistant ']",Flowers in Spring,Fall,Moderate,Low,Medium,,,
24,Average,"At least once ""7-10"" days","['full sun', 'part shade']",['Sandy Loamy'],True,False,"['February', 'March', 'April']",,"['Fungal leaf spot', ' Heart rot', ' Mildew', '  Pest resistant', ' Disease resistant ']",Flowers in Spring,Fall,Moderate,Low,Medium,,,
25,Average,,"['full sun', 'part sun/part shade']",['Sandy Loamy Clay'],True,True,"['March', 'April', 'May']",,"['Anthracnose', ' Canker', 'sap rot', ' Mildew', ' Stem borer insects', '  Drought resistant ']",,,Low,Low,Medium,,,
26,Frequent,"At least once ""7-10"" days","['full sun', 'part sun/part shade']",['Sandy Loamy Clay'],False,True,"['March', 'April', 'May']",,"['Anthracnose', ' Canker', 'sap rot', ' Mildew', ' Stem borer insects', '  Drought resistant ']",,,Low,Low,,,,
27,Average,,"['Full sun', 'part shade']",['Well-drained'],False,False,"['February', 'March', 'April']",,"['Anthracnose', ' Canker', 'sap rot', ' Caterpillar', 'cutworm', ' Mildew', ' Wilt', '  Pest resistant', ' Disease resistant', ' Rabbit resistant ']",Flowers in Spring,Fall,Low,Low,Moderate,,,
28,Frequent,"At least once ""3-4"" days",['part sun/part shade'],[],False,False,"['February', 'March', 'April']",,[],,,Low,,Medium,,,
29,Average,,"['full sun', 'part shade']",[],False,False,"['March', 'April']",,[],,,Low,,,,,
30,Frequent,"At least once ""7-10"" days","['full sun', 'part shade']",[],False,False,"['February', 'March', 'April']",,[],,,Low,,Medium,,,
31,Frequent,,"['full sun', 'part shade']",[],False,False,"['March', 'April', 'May', 'February', 'March', 'April', 'March', 'April']",,[],,,Low,,Moderate,,,
32,Average,"At least once ""3-4"" days","['Full sun', 'part shade']",[],False,False,['May'],,[],Flowers in Spring,Fall,Low,Low,,,,
33,Average,"At least once ""2-3"" days","['full sun', 'part shade']",[],False,False,"['February', 'March', 'April']",,[],,,Low,,Medium,,,
34,Minimum,,"['full sun', 'part shade']",[],False,False,"['March', 'April', 'May']",,[],,,Low,,High,,,
35,Average,"At least once ""5-7"" days","['full sun', 'part shade']",[],False,False,"['February', 'March', 'April']",,[],,,Low,,Moderate,,,
36,Average,,"['part shade', 'part sun/part shade']",[],False,False,"['February', 'March', 'April', 'March', 'April', 'May', 'August', 'June', 'July', 'August', 'May']",,[],,,Low,,Medium,,,
37,Average,"At least once ""7-10"" days","['full sun', 'part shade']",[],False,False,"['September', 'October', 'November', 'February', 'February', 'March']",,[],,,Low,,Medium,,,
38,Average,"At least once ""7-10"" days","['full sun', 'part shade']",[],False,False,"['February', 'March', 'April', 'March', 'April', 'May', 'June', 'July', 'August', 'September']",,[],,,Low,,Medium,,,
39,Frequent,,"['full sun', 'part shade']",[],False,False,"['March', 'April']",,[],,,Moderate,,,,,
40,Average,"At least once ""2-3"" days","['full sun', 'part shade']",[],False,False,"['February', 'March', 'April', 'May']",,[],,,Low,,Medium,,,
41,Average,,"['full sun', 'part shade']",[],False,False,"['May', 'June', 'July', 'August', 'June', 'July', 'August', 'March', 'April', 'May']",,[],,,Low,,Medium,,,
42,Average,,"['full sun', 'part shade']",[],False,False,"['February', 'March', 'April', 'May']",,[],,,Low,,Moderate,,,
43,Average,"At least once ""7-10"" days","['full sun', 'part sun/part shade']",[],False,False,"['February', 'March', 'April', 'December', 'January', 'February', 'March', 'April']",,[],Flowers in Spring,,High,Low,Moderate,,,
44,Average,"At least once ""3-4"" days","['full sun', 'part shade']",[],False,False,"['February', 'March', 'April']",,[],,,Low,,Moderate,,,
45,Average,"At least once ""3-4"" days","['full sun', 'part shade']",[],False,False,"['March', 'April']",,[],,,Low,,Moderate,,,
46,Average,"At least once ""7-10"" days","['full sun', 'part shade']",[],False,False,"['March', 'April']",,[],Flowers in Spring,,Low,Low,Moderate,,,
47,Average,,"['Full sun', 'part shade']",[],False,False,"['March', 'April', 'May']",,[],Flowers in Spring,,Low,Low,Medium,,,
48,Frequent,"At least once ""3-4"" days","['full sun', 'part shade']",[],False,False,"['February', 'March', 'April', 'February', 'April']",,[],,,Low,,,,,
49,Average,"At least once ""7-10"" days","['full sun', 'part shade']",[],False,False,"['February', 'August', 'February', 'August', 'May']",,[],,,Low,,Medium,,,
50,Frequent,,"['full sun', 'part shade']",[],False,False,"['February', 'March', 'April']",,[],,,Low,,,,,
51,Average,"At least once ""3-4"" days","['full sun', 'part shade']",[],False,False,"['February', 'March', 'April']",,[],,,Low,,Medium,,,
52,Average,"At least once ""3-4"" days","['full sun', 'part shade']",[],False,False,"['March', 'April', 'August']",,[],,,Moderate,,Medium,,,
53,Average,"At least once ""2-3"" days",['full sun'],[],False,False,"['February', 'March', 'April']",,[],,,Low,,High,,,
54,Average,,"['full sun', 'part shade']",[],False,False,"['March', 'April']",,[],,,Low,,Moderate,,,
55,Average,,"['full sun', 'part shade']",[],False,False,"['February', 'March', 'April', 'May']",,[],,,Low,,Medium,,,
56,Average,,"['full sun', 'part shade']",[],False,False,"['May', 'June', 'July']",,[],,,Moderate,,,,,
57,Average,"At least once ""3-4"" days","['full sun', 'part shade']",[],False,False,"['February', 'March', 'April']",,[],,,Low,,Moderate,,,
58,Average,"At least once ""2-3"" days","['full sun', 'part shade']",[],False,False,"['February', 'March', 'April', 'May', 'May']",,[],,,Low,,Medium,,,
59,Average,"At least once ""7-10"" days","['part shade', 'part sun/part shade']",[],False,False,"['March', 'April', 'May']",,[],,,Low,,Medium,,,
60,Average,,"['part sun/part shade', 'part shade']",[],False,False,"['February', 'March', 'April', 'March', 'April', 'May']",,[],,,Low,,Medium,,,
61,Average,"At least once ""3-4"" days","['full sun', 'part shade']",[],False,False,"['March', 'April', 'April', 'August', 'August', 'March', 'April', 'August']",,[],Flowers in Spring,,Low,Low,,,,
62,Frequent,,"['part shade', 'part sun/part shade']",[],False,False,"['February', 'March', 'April']",,[],,,Low,,Medium,,,
63,Average,,"['full sun', 'part shade']",[],False,False,"['February', 'March', 'April']",,[],,,Low,,Medium,,,
64,Frequent,,"['full sun', 'part shade']",[],False,False,"['February', 'March', 'April']",,[],,,Low,,Medium,,,
65,Average,,"['full sun', 'part shade']",[],False,False,"['February', 'March', 'April', 'February', 'March']",,[],,,Low,,Medium,,,
66,Frequent,"At least once ""3-4"" days","['full sun', 'part shade']",[],False,False,"['February', 'March', 'April']",,[],,,Low,,Medium,,,
67,Frequent,"At least once ""3-4"" days","['full sun', 'part shade']",[],False,False,"['March', 'April', 'March', 'April']",,[],,,Low,,Medium,,,
68,Average,,"['full sun', 'part shade']",[],False,False,"['March', 'April', 'May']",,[],,,Low,,,,,
69,Average,"At least once ""7-10"" days","['full sun', 'part shade']",[],False,False,"['March', 'April', 'August', 'June', 'July', 'August']",,[],,,Low,,Medium,,,
70,Average,"At least once ""3-4"" days","['full sun', 'part shade']",[],False,False,['February'],,[],,,Moderate,,Medium,,,
71,Average,,"['full sun', 'part shade']",[],False,False,"['March', 'April']",,[],,,Low,,Medium,,,
72,Average,"At least once ""7-10"" days","['part shade', 'part sun/part shade']",[],False,False,"['February', 'March', 'April']",,[],Flowers in Spring,,Low,Low,,,,
73,Frequent,"At least once ""5-7"" days","['full sun', 'part sun/part shade']",[],False,False,"['March', 'April', 'May']",,[],,,Low,,Moderate,,,
74,Frequent,"At least once ""3-4"" days","['full sun', 'part shade']",[],False,False,"['February', 'March', 'April', 'January', 'April']",,[],,,Low,,Moderate,,,
75,Average,,"['full sun', 'part shade']",[],False,False,['February'],,[],,,Low,,Medium,,,
76,Average,"At least once ""7-10"" days","['filtered shade', 'full sun only if soil kept moist', 'part sun/part shade']","['Acidic', ' Humus rich', ' Well-drained']",False,False,"['February', 'March', 'April', 'May']",,"['Fungal leaf spot', ' Heart rot', ' Mites', ' Root rot', ' Scale insects', ' Wilt']",Flowers in Spring,Fall,Moderate,Low,Medium,,,
77,Average,,"['full sun', 'part shade']",[],False,False,"['June', 'July', 'February', 'March', 'April']",,[],,,Low,,Medium,,,
78,Average,"At least once ""7-10"" days","['part shade', 'part sun/part shade']",[],False,False,"['May', 'June', 'July']",,[],,,Low,,,,,
79,Average,,"['part shade', 'part sun/part shade']",[],False,False,"['February', 'March', 'April']",,[],,,Low,,Medium,,,
80,Average,"At least once ""7-10"" days","['full sun', 'part shade']",[],False,False,"['February', 'January', 'February']",,[],,,Low,,Medium,,,
81,Average,"At least once ""7-10"" days","['part sun/part shade', 'full sun']",[],False,False,"['December', 'January']",,[],,,Low,,,,,
82,Average,,['full sun'],[],False,False,"['February', 'March', 'April']",,[],Flowers in Spring,,Low,Low,Medium,,,
83,Frequent,"At least once ""7-10"" days","['full sun', 'part shade']",[],False,False,"['May', 'June', 'July']",,[],Flowers in Spring,Fall,Low,Low,Medium,,,
84,Average,"At least once ""7-10"" days","['full sun', 'part shade']",[],False,False,"['May', 'June', 'July', 'August']",,[],,,Low,,High,,,
85,Average,"At least once ""7-10"" days","['full sun', 'part shade']",[],False,False,['May'],,[],,,Low,,,,,
86,Average,"At least once ""5-7"" days","['full sun', 'part shade']",[],False,False,"['March', 'April', 'June', 'July', 'August']",,[],,,Low,,Moderate,,,
87,Average,"At least once ""7-10"" days","['full sun', 'part shade']",[],False,False,"['June', 'July', 'August', 'March', 'April', 'May', 'March', 'April']",,[],,,Moderate,,Medium,,,
88,Average,"At least once ""3-4"" days","['full sun', 'part shade']",[],False,False,"['February', 'March', 'April']",,[],,,Low,,Moderate,,,
89,Average,,"['full sun', 'part shade']",[],False,False,"['March', 'April', 'February']",,[],,,Moderate,,Medium,,,
90,Average,"At least once ""2-3"" days","['full sun', 'part shade']",[],False,False,"['March', 'April']",,[],,,Low,,Medium,,,
91,Average,"At least once ""7-10"" days","['full sun', 'part shade']",[],False,False,"['February', 'March', 'April']",,[],Flowers in Spring,,Low,Low,Moderate,,,
92,Average,,"['full sun', 'part shade']",[],False,False,"['February', 'March', 'April']",,[],,,Low,,Medium,,,
93,Frequent,"At least once ""3-4"" days","['full sun', 'part shade']",[],False,False,"['February', 'March', 'April']",,[],,,Low,,Medium,,,
94,Frequent,"At least once ""7-10"" days","['full sun', 'part shade']",[],False,False,"['March', 'April']",,[],,,Low,,Medium,,,
95,Average,,"['full sun', 'part shade']",[],False,False,"['March', 'April', 'June', 'July', 'August', 'July', 'August', 'December', 'January', 'February']",,[],,,Low,,Medium,,,
96,Average,,"['full sun', 'part shade']",[],False,False,"['February', 'August', 'February', 'August', 'May']",,[],,,Low,,Medium,,,
97,Frequent,"At least once ""7-10"" days","['full sun', 'part shade']",[],False,False,"['February', 'May', 'June', 'July']",,[],,,Low,,Medium,,,
98,Frequent,,"['full sun', 'part shade']",[],False,False,"['May', 'June', 'July']",,[],,,Low,,Moderate,,,
99,Frequent,,['full sun'],[],False,False,"['December', 'January', 'February', 'March', 'April', 'May']",,[],,,Low,,Moderate,,,
100,Average,"At least once ""7-10"" days","['full sun', 'part shade']",[],False,False,"['March', 'April', 'March', 'April', 'May', 'June', 'July', 'August', 'September', 'October', 'November']",,[],,,Low,,Moderate,,,
101,Average,"At least once ""3-4"" days","['full sun', 'part shade']",[],False,False,"['March', 'April']",,[],,,Low,,Medium,,,
102,Average,"At least once ""3-4"" days","['full sun', 'part shade']",[],False,False,"['February', 'March', 'April']",,[],,,Low,,Moderate,,,
103,Average,"At least once ""3-4"" days","['full sun', 'part shade']",[],False,False,"['February', 'March', 'April']",,[],,,Low,,,,,
104,Average,"At least once ""2-3"" days","['full sun', 'part shade']",[],False,False,"['June', 'July', 'February', 'June', 'July', 'February']",,[],,,Low,,Medium,,,
105,Average,"At least once ""3-4"" days","['full sun', 'part shade']",[],True,False,"['March', 'April', 'June', 'July', 'August']",,[],,,Low,,Medium,,,
106,Frequent,,"['full sun', 'part shade']",[],False,False,"['February', 'March', 'April']",,[],Flowers in Spring,Fall,Low,Low,High,,,
107,Average,"At least once ""7-10"" days","['full sun', 'part shade']",[],False,False,"['February', 'March', 'April', 'March', 'April', 'May', 'June', 'July', 'August', 'September', 'May']",,[],,,Low,,Medium,,,
108,Average,"At least once ""3-4"" days","['full sun', 'part shade']",[],False,False,"['May', 'June', 'July', 'March', 'April', 'May', 'June', 'July', 'August', 'September']",,[],,,Low,,Medium,,,
109,Average,"At least once ""3-4"" days","['full sun', 'part shade']",[],False,False,"['February', 'March', 'April', 'May']",,[],,,Low,,Medium,,,
110,Frequent,,"['part sun/part shade', 'part shade']",[],False,False,"['March', 'April', 'August', 'December', 'January', 'February']",,[],,,Low,,Medium,,,
111,Average,"At least once ""3-4"" days","['full sun', 'part shade']",[],False,False,"['March', 'April', 'May', 'March', 'April', 'May', 'February', 'June', 'July', 'August']",,[],,,Low,,Moderate,,,
112,Average,"At least once ""3-4"" days","['full sun', 'part shade']",[],False,False,"['February', 'March', 'April']",,[],,,Low,,Medium,,,
113,Average,"At least once ""7-10"" days","['full sun', 'part shade']",[],False,False,"['February', 'March', 'April', 'March', 'April', 'May', 'June', 'July', 'August', 'September', 'June', 'July', 'August', 'May']",,[],,,Low,,Medium,,,
114,Average,"At least once ""3-4"" days","['full sun', 'part shade']",[],False,False,"['March', 'April']",,[],,,Moderate,,Medium,,,
115,Average,"At least once ""7-10"" days","['full sun', 'part shade']",[],False,False,"['February', 'March', 'April']",,[],,,Low,,Moderate,,,
116,Average,,"['full sun', 'part shade']",[],False,False,"['March', 'April', 'August', 'March', 'April', 'August', 'March', 'April', 'May', 'June', 'July', 'August', 'September']",,[],Flowers in Spring,,Low,Low,Medium,,,
117,Frequent,"At least once ""7-10"" days",['part sun/part shade'],[],False,False,"['March', 'April', 'March', 'April']",,[],,,High,,Moderate,,,
118,Average,"At least once ""7-10"" days","['full sun', 'part shade']",[],False,False,"['March', 'April', 'June', 'July', 'August', 'March', 'April', 'June', 'July', 'August']",,[],Flowers in Spring,Fall,Low,Low,,,,
119,Average,"At least once ""3-4"" days","['full sun', 'part shade']",[],False,False,"['February', 'March', 'April', 'March', 'April', 'May', 'June', 'July', 'August']",,[],,,Low,,Medium,,,
120,Average,"At least once ""3-4"" days","['full sun', 'part shade']",[],False,False,"['February', 'August', 'December', 'January', 'February', 'June', 'July', 'August', 'May']",,[],Flowers in Spring,,Low,Low,Medium,,,
121,Average,"At least once ""3-4"" days","['full sun', 'part shade']",[],False,False,"['March', 'April', 'February', 'April']",,[],Flowers in Spring,,Low,Low,Medium,,,
122,Average,"At least once ""7-10"" days",['full sun'],[],False,False,"['February', 'March', 'April', 'May']",,[],,,Low,,Medium,,,
123,Average,"At least once ""7-10"" days","['full sun', 'part shade']",[],False,False,"['March', 'April']",,[],Flowers in Spring,,Low,Moderate,Medium,,,
124,Frequent,,"['full sun', 'part shade']",[],False,False,"['March', 'April', 'May', 'August']",,[],,,Low,,High,,,
125,Average,,"['full sun', 'part shade']",[],False,False,"['March', 'April', 'May', 'March', 'April', 'May', 'February', 'March', 'April']",,[],,,Low,,,,,
126,Average,"At least once ""7-10"" days","['full sun', 'part shade']",[],False,False,"['March', 'April', 'March', 'April', 'May', 'June', 'July', 'August', 'September']",,[],Flowers in Spring,,Low,Low,Moderate,,,
127,Frequent,,"['full sun', 'part shade']",[],False,False,"['March', 'April', 'May', 'June', 'July', 'August']",,[],,,Low,,Moderate,,,
128,Average,,"['full sun', 'part shade']",[],False,False,"['February', 'March', 'April']",,[],,,Low,,Moderate,,,
129,Average,,"['full sun', 'part shade']",[],False,False,"['February', 'March', 'April']",,[],,,Low,,Moderate,,,
130,Frequent,"At least once ""7-10"" days","['full sun', 'part shade']",[],False,False,"['February', 'March', 'April', 'June', 'July', 'August', 'May']",,[],,,Low,,Moderate,,,
131,Average,,"['full sun', 'part shade']",[],False,False,"['March', 'April', 'March', 'April', 'May']",,[],Flowers in Spring,,Moderate,Low,Medium,,,
132,Average,"At least once ""3-4"" days","['full sun', 'part shade']",[],False,False,"['April', 'June', 'July', 'August']",,[],,,Low,,Medium,,,
133,Frequent,,"['full sun', 'part shade']",[],False,False,"['February', 'March', 'April']",,[],,,Low,,Medium,,,
134,Average,,"['full sun', 'part shade']",[],False,False,"['February', 'March', 'April']",,[],,,Low,,Moderate,,,
135,Average,"At least once ""3-4"" days","['full sun', 'part shade']",[],False,False,"['February', 'March', 'April']",,[],,,Low,,Medium,,,
136,Frequent,,"['full sun', 'part shade']",[],False,False,"['March', 'April']",,[],,,Low,,Moderate,,,
137,Frequent,"At least once ""7-10"" days","['full sun', 'part shade']",[],False,False,"['March', 'April', 'May', 'June', 'July', 'August', 'May']",,[],,,Low,,Medium,,,
138,Average,,"['full sun', 'part shade']",[],False,False,"['May', 'May', 'June', 'June', 'July', 'June', 'July', 'May', 'June', 'July', 'August']",,[],,,Low,,,,,
139,Average,"At least once ""7-10"" days","['full sun', 'part shade']",[],False,False,"['February', 'March', 'April', 'May']",,[],Flowers in Spring,,Low,Low,Moderate,,,
140,Average,"At least once ""3-4"" days","['full sun', 'part shade']",[],False,False,"['March', 'April']",,[],,,Low,,Moderate,,,
141,Average,,"['full sun', 'part shade']",[],False,False,"['February', 'March', 'April']",,[],,,Low,,Medium,,,
142,Average,"At least once ""7-10"" days","['full sun', 'part shade']",[],False,False,"['March', 'April', 'May', 'December', 'January', 'February', 'March', 'April', 'May', 'December', 'January', 'February', 'December', 'January', 'February', 'March', 'April']",,[],,,Low,,Moderate,,,
143,Average,,"['full sun', 'part shade']",[],False,False,"['February', 'March', 'April']",,[],,,Low,,,,,
144,Average,"At least once ""3-4"" days","['full sun', 'part shade']",['Sandy Loamy Clay'],True,True,"['May', 'February', 'March', 'April']",,[],,Fall,Moderate,Low,Medium,,,
145,Average,"At least once ""7-10"" days","['part sun/part shade', 'full sun']","['Humus rich', ' Well-drained']",False,False,"['February', 'February', 'March']",,"['Aphids', 'adelgids', ' Canker', 'sap rot', ' Caterpillar', 'cutworm', ' Mildew', ' Wilt', '  Drought resistant ']",,Fall,High,Low,Medium,,,
146,Average,,"['full sun', 'part sun/part shade']","['Humus rich', ' Well-drained']",False,False,"['March', 'April']",,"['Aphids', 'adelgids', ' Canker', 'sap rot', ' Caterpillar', 'cutworm', ' Mildew', ' Wilt', '  Drought resistant ']",,Fall,High,Low,Medium,,,
147,Minimum,,"['full sun', 'part sun/part shade']","['Humus rich', ' Well-drained']",False,False,"['February', 'March', 'April']",,"['Aphids', 'adelgids', ' Canker', 'sap rot', ' Caterpillar', 'cutworm', ' Mildew', ' Wilt', '  Drought resistant ']",,Fall,High,Low,Medium,,,
148,Average,"At least once ""7-10"" days","['full sun', 'part sun/part shade']","['Humus rich', ' Well-drained']",False,False,"['February', 'March', 'April']",,"['Aphids', 'adelgids', ' Canker', 'sap rot', ' Caterpillar', 'cutworm', ' Mildew', ' Wilt', '  Drought resistant ']",,Fall,High,Low,Medium,,,
149,Average,"At least once ""3-4"" days","['full sun', 'part sun/part shade']","['Humus rich', ' Well-drained']",False,False,"['February', 'March', 'April']",,"['Aphids', 'adelgids', ' Canker', 'sap rot', ' Caterpillar', 'cutworm', ' Mildew', ' Wilt', '  Drought resistant ']",,Fall,High,Low,Medium,,,
150,Average,"At least once ""7-10"" days","['full sun', 'part shade']",[],True,False,"['February', 'March', 'April']",,[],,Fall,High,,Medium,,,
151,Average,"At least once ""7-10"" days","['full sun', 'part shade']",[],True,False,"['February', 'March', 'April', 'December', 'January', 'February', 'March', 'April', 'May', 'May']",,[],,Fall,Low,,Medium,,,
152,Average,,"['full sun', 'part shade']",[],False,True,"['February', 'March', 'April']",,[],Flowers in Spring,Fall,Low,Low,Medium,,,
153,Average,"At least once ""2-3"" days",['full sun'],['Sandy Loamy Clay'],False,False,"['February', 'March', 'April']",,"['Heteroptera - true bugs', ' Mites', ' Stem borer insects', ' Wilt', '  Drought resistant ']",,Fall,Moderate,Low,Medium,,,
154,Frequent,"At least once ""3-4"" days","['full sun', 'part shade']",['Sandy Loamy Clay'],False,False,"['September', 'October', 'November', 'September', 'October', 'November', 'March', 'April', 'March', 'April', 'May', 'June', 'July', 'August', 'September', 'June', 'July', 'August', 'June', 'July', 'August', 'August', 'May']",,"['Heteroptera - true bugs', ' Mites', ' Stem borer insects', ' Wilt', '  Drought resistant ']",,Fall,Moderate,Low,Medium,,,
155,Average,"At least once ""7-10"" days","['full sun', 'part shade']",['Sandy Loamy Clay'],False,False,"['February', 'March', 'April', 'May']",,"['Heteroptera - true bugs', ' Mites', ' Stem borer insects', ' Wilt', '  Drought resistant ']",,,Moderate,Low,Medium,,,
156,Average,,"['full sun', 'part shade']",['Sandy Loamy Clay'],False,False,"['February', 'August']",,"['Heteroptera - true bugs', ' Mites', ' Stem borer insects', ' Wilt', '  Drought resistant ']",,Fall,Moderate,Low,Medium,,,
157,Average,"At least once ""7-10"" days","['full sun', 'part sun/part shade']","['Sand', ' Loam', ' Humus Enriched']",False,False,"['March', 'April', 'March', 'April', 'May', 'March', 'April', 'May', 'June', 'July', 'August', 'September', 'May']",,[],,Fall,Low,,Medium,,,
158,Average,"At least once ""7-10"" days","['full sun', 'part sun/part shade']","['Sand', ' Loam', ' Humus Enriched']",False,False,"['February', 'March', 'April']",,[],,Fall,High,,Medium,,,
159,Average,"At least once ""7-10"" days","['part sun/part shade', 'full sun']","['Sand', ' Loam', ' Humus Enriched']",False,False,"['March', 'April']",,[],,Fall,High,,Medium,,,
160,Average,"At least once ""7-10"" days","['Full sun', 'part shade']","['Acidic', ' Well-drained']",True,False,"['February', 'March', 'April', 'March', 'April', 'May']",,"['Aphids', 'adelgids', ' Caterpillar', 'cutworm', ' Galls', ' Heart rot', ' Mites', ' Root rot', ' Scale insects', ' Wilt']",Flowers in Spring,Fall,Low,Low,Medium,,,
161,Average,"At least once ""3-4"" days","['full sun', 'part shade']",[],True,False,"['September', 'October', 'November', 'March', 'April', 'May']",,[],,,Low,,Medium,,,
162,Frequent,"At least once ""7-10"" days","['part shade', 'part sun/part shade']",[],True,False,"['March', 'April', 'May']",,[],,,Low,,Medium,,,
163,Average,"At least once ""3-4"" days","['full sun', 'part shade']",[],True,False,"['February', 'March', 'April']",,[],,,Low,,,,,
164,Average,,"['full sun', 'part shade']",[],True,False,"['February', 'March', 'April']",,[],,,Low,,Medium,,,
165,Average,,"['full sun', 'part shade']",[],True,False,"['February', 'March', 'April']",,[],,Fall,Moderate,,Medium,,,
166,Frequent,"At least once ""7-10"" days","['part shade', 'part sun/part shade']",[],True,False,"['February', 'March', 'April']",,[],,,Low,,Medium,,,
167,Average,,"['filtered shade', 'full sun', 'part sun/part shade']",['Well-drained'],True,False,"['February', 'March', 'April', 'May', 'March', 'April', 'May', 'June', 'July', 'August', 'September', 'February']",,[],Flowers in Spring,Fall,Moderate,,Medium,,,
168,Average,,"['full sun', 'part sun/part shade']",[],True,True,"['February', 'March', 'April', 'August', 'December', 'January', 'February', 'March', 'April', 'May', 'August']",,[],,,Low,,Medium,,,
169,Average,,"['Full sun', 'part shade']",[],True,False,"['February', 'March', 'April']",,[],Flowers in Spring,,Low,Low,Medium,,,
170,Average,"At least once ""7-10"" days",['full sun'],[],True,True,"['February', 'March', 'April', 'June', 'July']",,[],,,High,,Medium,,,
171,Average,"At least once ""7-10"" days",['full sun'],[],True,False,"['September', 'October', 'November', 'February', 'March', 'April', 'February', 'March', 'May']",,[],,,High,,Medium,,,
172,Average,"At least once ""3-4"" days",['full sun'],['Well-drained'],False,True,"['March', 'April', 'May']",,"['Deer resistant', ' Drought resistant']",,Summer,Moderate,High,Medium,,,
173,Average,"At least once ""7-10"" days",['full sun'],['Well-drained'],True,False,"['February', 'March', 'April']",,"['Deer resistant', ' Drought resistant']",,Summer,Moderate,High,Moderate,,,
174,Frequent,"At least once ""7-10"" days","['full sun', 'part shade']",['Well-drained'],False,False,"['June', 'July', 'August', 'December', 'January', 'February', 'March', 'April', 'June', 'July', 'August']",,"['Deer resistant', ' Drought resistant']",,Summer,Moderate,High,Medium,,,
175,Frequent,,"['full sun', 'part shade']",[],True,False,"['September', 'October', 'November', 'February', 'March', 'April']",,[],,Fall,Low,,Medium,,,
176,Frequent,,"['full sun', 'part shade']",[],True,False,"['September', 'October', 'November', 'February', 'March', 'April']",,[],,Fall,Low,,,,,
177,Frequent,"At least once ""7-10"" days","['full sun', 'part shade']",[],True,False,"['February', 'March', 'April', 'May']",,[],,Fall,Low,,Moderate,,,
178,Average,"At least once ""3-4"" days","['full sun', 'part shade']",[],False,False,"['February', 'March', 'April']",,[],,Fall,High,,Moderate,,,
179,Average,"At least once ""7-10"" days","['full sun', 'part shade']",['Humus rich'],False,False,"['February', 'March', 'April', 'February', 'March']",,"['Aphids', 'adelgids', ' Bacterial leaf spot', ' Mites', '  Deer resistant ']",,,Moderate,Low,Medium,,,
180,Average,"At least once ""7-10"" days","['full sun', 'part shade']",['Well-drained'],False,False,"['March', 'April', 'March', 'April']",,"['Root rot', ' Scale insects', '  Pest resistant', ' Disease resistant', ' Deer resistant', ' Rabbit resistant ']",,,Moderate,Moderate,High,,,
181,Frequent,"At least once ""7-10"" days","['full sun', 'part shade']",[],True,True,"['March', 'April', 'May', 'August', 'March', 'April', 'May', 'August']",,[],,Fall,Low,,Medium,,,
182,Minimum,"At least once ""7-10"" days",['sun'],['Sandy Loamy Rocky'],True,True,"['March', 'April', 'May', 'June', 'July', 'August', 'September', 'February', 'June', 'December', 'January', 'February']",,"['Fungal leaf spot', ' Root rot']",,Fall,Low,Moderate,Medium,,,
183,Average,"At least once ""7-10"" days","['full sun', 'part sun/part shade', 'sheltered']",['Well-drained'],True,False,"['March', 'April']",,"['Fungal leaf spot', ' Root rot', ' Scale insects', '  Drought resistant ']",Flowers in Winter,Fall,Moderate,Low,Medium,,,
184,Average,"At least once ""7-10"" days","['full sun', 'part sun/part shade']","['Humus rich', ' Well-drained']",True,False,"['February', 'March', 'April', 'May']",,"['Pest resistant', ' Disease resistant', ' Deer resistant']",Flowers in Spring,Fall,Moderate,Low,Medium,,,
185,Frequent,"At least once ""7-10"" days","['full sun', 'part shade']",[],False,False,"['March', 'April', 'March', 'April', 'May']",,[],,Fall,Low,High,Medium,,,
186,Average,"At least once ""3-4"" days","['full sun', 'part shade']","['Bog', ' Well-drained']",True,True,"['February', 'March', 'April', 'February', 'March']",,"['Anthracnose', ' Dieback', ' Fungal leaf spot', ' Leaf miner insect', ' Rust', ' Virus']",,Fall,High,Low,Medium,,,
187,Average,"At least once ""3-4"" days","['full sun', 'part shade']","['Bog', ' Well-drained']",True,True,"['March', 'April', 'March', 'April']",,"['Anthracnose', ' Dieback', ' Fungal leaf spot', ' Leaf miner insect', ' Rust', ' Virus']",,Fall,High,Low,Medium,,,
188,Average,,"['Full sun', 'part shade']","['Bog', ' Well-drained']",True,True,"['June', 'July', 'August', 'March', 'April']",,"['Anthracnose', ' Dieback', ' Fungal leaf spot', ' Leaf miner insect', ' Rust', ' Virus']",,Summer,High,Low,Medium,,,
189,Average,"At least once ""3-4"" days","['full sun', 'part shade']",['Sandy Loamy'],True,False,"['March', 'April', 'April', 'May']",,"['Beetles', 'weevils', ' Leaf miner insect', ' Stem borer insects', '  Deer resistant', ' Drought resistant ']",,Fall,High,High,Medium,,,
190,Average,,"['full sun', 'part shade']",['Sandy Loamy'],True,False,"['February', 'March', 'April']",,"['Beetles', 'weevils', ' Leaf miner insect', ' Stem borer insects', '  Deer resistant', ' Drought resistant ']",,,High,High,Medium,,,
191,Average,"At least once ""7-10"" days","['part sun/part shade', 'full sun']",['Sand'],False,False,"['February', 'March', 'April']",,[],,Fall,Low,High,Moderate,,,
192,Average,"At least once ""7-10"" days",['full sun'],[],False,True,"['May', 'June', 'July']",,[],,,Low,High,Medium,,,
193,Minimum,"At least once ""7-10"" days","['full sun', 'part shade']",['Well-drained'],True,False,"['March', 'April']",,"['Rust', '  Drought resistant ']",,,High,Low,Medium,,,
194,Average,"At least once ""7-10"" days","['full sun', 'part shade']",['Well-drained'],True,False,"['February', 'March', 'April', 'March', 'April', 'May', 'March', 'April', 'May', 'June', 'July', 'August']",,"['Heteroptera - true bugs', ' Leafhopper', 'spittlebug', '  Disease resistant', ' Drought resistant ']",Flowers in Spring,Fall,Low,Low,,,,
195,Average,"At least once ""7-10"" days","['full sun', 'part shade']",['Well-drained'],False,False,['February'],,"['Heteroptera - true bugs', ' Leafhopper', 'spittlebug', '  Disease resistant', ' Drought resistant ']",Flowers in Spring,Fall,Low,Low,Moderate,,,
196,Average,"At least once ""7-10"" days",['full sun'],['Well-drained'],True,False,"['April', 'May']",,"['Heteroptera - true bugs', ' Leafhopper', 'spittlebug', '  Disease resistant', ' Drought resistant ']",Flowers in Spring,Fall,Low,Low,Medium,,,
197,Average,"At least once ""7-10"" days","['full sun', 'part sun/part shade']",['Well-drained'],True,False,"['February', 'March', 'April', 'May']",,"['Heteroptera - true bugs', ' Leafhopper', 'spittlebug', '  Disease resistant', ' Drought resistant ']",Flowers in Spring,Fall,Low,Low,Medium,,,
198,Average,"At least once ""7-10"" days","['part shade', 'full shade']",[],False,False,"['March', 'April', 'May', 'December', 'January', 'February']",,[],Flowers in Spring,Fall,Low,Low,Medium,,,
199,Average,"At least once ""7-10"" days","['full sun', 'part shade']",[],False,False,"['February', 'March', 'April', 'May']",,[],,Fall,Low,Moderate,Medium,,,
200,Average,"At least once ""7-10"" days","['full sun', 'part shade']",[],True,True,"['March', 'April']",,[],,,Low,Moderate,Moderate,,,
201,Average,"At least once ""7-10"" days",['full sun'],['Well-drained'],True,False,"['February', 'March', 'April']",,"['Blight', 'needle cast', ' Canker', 'sap rot', ' Diptera - true flies', '  Drought resistant ']",,,High,Moderate,Medium,,,
202,Average,"At least once ""7-10"" days",['full sun'],['Well-drained'],True,False,"['February', 'March', 'April']",,"['Blight', 'needle cast', ' Canker', 'sap rot', ' Diptera - true flies', '  Drought resistant ']",,,High,Moderate,Moderate,,,
203,Average,"At least once ""7-10"" days","['full sun', 'part sun/part shade']",['Well-drained'],True,False,"['February', 'March', 'April']",,"['Blight', 'needle cast', ' Canker', 'sap rot', ' Diptera - true flies', '  Drought resistant ']",,,High,Moderate,Medium,,,
204,Average,"At least once ""7-10"" days",['full sun'],['Well-drained'],True,False,"['May', 'June', 'July', 'August']",,"['Blight', 'needle cast', ' Canker', 'sap rot', ' Diptera - true flies', '  Drought resistant ']",,,High,Moderate,Medium,,,
205,Average,"At least once ""7-10"" days","['full sun', 'part sun/part shade']",['Well-drained'],False,False,"['December', 'January', 'May']",,"['Blight', 'needle cast', ' Canker', 'sap rot', ' Diptera - true flies', '  Drought resistant ']",,,High,Moderate,Medium,,,
206,Average,"At least once ""7-10"" days",['Full sun'],['Well-drained'],True,False,"['February', 'January']",,"['Blight', 'needle cast', ' Canker', 'sap rot', ' Diptera - true flies', '  Drought resistant ']",,,High,Moderate,,,,
207,Average,"At least once ""7-10"" days",['Full sun'],"['Rocky ', ' gravelly ', ' dry']",True,True,"['June', 'July', 'August']",,"['Blight', 'needle cast', '  Pest resistant', ' Disease resistant', ' Drought resistant ']",Flowers in Summer,,Low,Moderate,Medium,,,
208,Frequent,"At least once ""7-10"" days",['full sun'],"['Rocky ', ' gravelly ', ' dry']",True,True,"['February', 'March', 'April', 'May']",,"['Blight', 'needle cast', '  Pest resistant', ' Disease resistant', ' Drought resistant ']",Flowers in Summer,,Low,Moderate,Moderate,,,
209,Average,"At least once ""7-10"" days",['full sun'],"['Rocky ', ' gravelly ', ' dry']",True,True,"['March', 'April', 'May', 'June', 'July', 'August']",,"['Blight', 'needle cast', '  Pest resistant', ' Disease resistant', ' Drought resistant ']",Flowers in Summer,,Low,Moderate,Medium,,,
210,Average,"At least once ""7-10"" days","['full sun', 'part shade']","['Acidic', ' Well-drained']",True,False,"['February', 'March', 'April']",,"['Pest resistant', ' Disease resistant', ' Deer resistant']",,Fall,Moderate,Low,,,,
211,Average,"At least once ""7-10"" days","['full sun', 'part shade']","['Acidic', ' Well-drained']",True,False,"['March', 'April']",,"['Pest resistant', ' Disease resistant', ' Deer resistant']",,,Moderate,Low,,,,
212,Average,"At least once ""7-10"" days","['full sun', 'part shade']","['Acidic', ' Well-drained']",True,False,"['March', 'April']",,"['Pest resistant', ' Disease resistant', ' Deer resistant']",,Fall,Moderate,Low,Medium,,,
213,Average,,"['full sun', 'part sun/part shade']","['Humus rich', ' Well-drained']",True,False,"['February', 'March', 'April', 'May', 'June', 'July', 'August']",,"['Canker', 'sap rot', ' Scale insects', ' Wilt']",Flowers in Spring,Fall,Moderate,Low,,,,
214,Average,"At least once ""7-10"" days","['full sun', 'part sun/part shade']","['Humus rich', ' Well-drained']",True,False,"['March', 'April']",,"['Canker', 'sap rot', ' Scale insects', ' Wilt']",Flowers in Spring,Fall,Moderate,Low,Moderate,,,
215,Average,"At least once ""3-4"" days","['full sun', 'part sun/part shade']","['Humus rich', ' Well-drained']",True,False,"['February', 'March', 'April']",,"['Canker', 'sap rot', ' Scale insects', ' Wilt']",Flowers in Spring,,Moderate,Low,Moderate,,,
216,Average,"At least once ""7-10"" days","['full sun', 'part sun/part shade']","['Humus rich', ' Well-drained']",True,False,['May'],,"['Canker', 'sap rot', ' Scale insects', ' Wilt']",Flowers in Spring,Fall,Moderate,Low,Medium,,,
217,Average,"At least once ""3-4"" days","['full sun', 'part sun/part shade']","['Humus rich', ' Well-drained']",True,False,"['March', 'April']",,"['Canker', 'sap rot', ' Scale insects', ' Wilt']",Flowers in Spring,Fall,Moderate,Low,Medium,,,
218,Average,"At least once ""7-10"" days","['full sun', 'part sun/part shade']","['Humus rich', ' Well-drained']",True,False,"['March', 'April']",,"['Canker', 'sap rot', ' Scale insects', ' Wilt']",Flowers in Spring,Fall,Moderate,Low,Medium,,,
219,Average,"At least once ""7-10"" days","['full sun', 'part sun/part shade']","['Humus rich', ' Well-drained']",True,False,"['February', 'March', 'April']",,"['Canker', 'sap rot', ' Scale insects', ' Wilt']",Flowers in Spring,Fall,Moderate,Low,Medium,,,
220,Average,"At least once ""7-10"" days","['full sun', 'part shade']",['Well-drained'],True,False,"['February', 'August', 'February', 'August']",,"['Blight', 'needle cast', ' Caterpillar', 'cutworm', ' Mites', ' Root rot', ' Scale insects', '  Pest resistant', ' Disease resistant ']",,,Moderate,Low,Medium,,,
221,Average,"At least once ""7-10"" days",['full sun'],['Loamy'],True,True,"['March', 'April', 'May']",,[],,,Low,,,,,
222,Average,"At least once ""7-10"" days","['full sun', 'part sun/part shade']",['Loamy'],False,False,"['March', 'April', 'May', 'May', 'December', 'January', 'February', 'March', 'April']",,[],,,Low,,Moderate,,,
223,Average,"At least once ""7-10"" days","['full sun', 'part sun/part shade']",['Loamy'],True,False,"['February', 'March', 'April', 'May']",,[],,Fall,Low,,Moderate,,,
224,Average,"At least once ""7-10"" days","['full sun', 'part shade']",[],False,False,"['February', 'March', 'April']",,[],,,Low,Low,Medium,,,
225,Average,"At least once ""7-10"" days","['full sun', 'part shade']",[],False,False,"['May', 'June', 'July']",,[],,Fall,Low,Low,Moderate,,,
226,Average,"At least once ""7-10"" days","['full sun', 'part shade']",[],False,False,"['February', 'March', 'April']",,[],,,Low,Low,Medium,,,
227,Average,,"['full sun', 'part shade']",[],False,True,"['February', 'March', 'April', 'August']",,[],,Fall,Low,Low,Medium,,,
228,Average,"At least once ""7-10"" days","['full sun', 'part sun/part shade']",[],True,False,"['February', 'March', 'April', 'August', 'February', 'March', 'April', 'June', 'July', 'August']",,"['Pest resistant', ' Disease resistant']",Flowers in Spring,Fall,Moderate,Low,Moderate,,,
229,Average,"At least once ""7-10"" days","['Full sun', 'part shade']",[],False,True,['February'],,[],,Fall,Low,Low,Moderate,,,
230,Average,"At least once ""3-4"" days","['Full sun', 'part shade']",[],False,False,"['February', 'March', 'April', 'May']",,[],,Fall,Low,Low,Medium,,,
231,Average,"At least once ""7-10"" days","['full sun', 'part shade']",[],False,False,"['February', 'March', 'April']",,[],,Fall,Low,Low,,,,
232,Average,"At least once ""3-4"" days","['full sun', 'part shade']",[],True,True,"['March', 'April', 'August', 'March', 'April', 'August']",,[],,,Low,,Moderate,,,
233,Average,"At least once ""7-10"" days","['full sun', 'part shade']",[],True,True,"['March', 'April', 'March', 'April', 'May', 'June', 'July', 'August', 'September']",,[],,,High,,Moderate,,,
234,Average,"At least once ""7-10"" days","['full sun', 'part shade']",[],True,False,"['March', 'April', 'May', 'June', 'July', 'August']",,[],,Fall,High,Moderate,Medium,,,
235,Frequent,"At least once ""7-10"" days","['full sun', 'part shade']",[],True,True,"['May', 'June', 'July', 'May']",,[],,Summer,High,Low,Medium,,,
236,Frequent,"At least once ""3-4"" days","['full sun', 'part shade']",[],False,False,"['March', 'April', 'May', 'March', 'April', 'May', 'May']",,[],,,Low,,Medium,,,
237,Average,"At least once ""7-10"" days","['Filtered shade', ' Full sun', ' Part sun/part shade']","['Acidic', ' Humus rich', ' Well-drained']",False,False,"['February', 'March', 'April']",,"['Anthracnose', '  Deer resistant', ' Rabbit resistant ']",Flowers in Spring,Fall,Moderate,Low,Medium,,,
238,Frequent,"At least once ""7-10"" days","['full sun', 'part shade']",[],True,False,"['February', 'March', 'February', 'March', 'April']",,[],,,Low,,Medium,,,
239,Frequent,"At least once ""7-10"" days","['full sun', 'part shade']",[],True,False,"['February', 'March', 'April']",,[],,,Low,,Medium,,,
240,Average,"At least once ""7-10"" days","['full sun', 'part shade']",[],False,False,"['March', 'April']",,[],,,Low,,Medium,,,
241,Average,,"['full sun', 'part shade']",[],False,False,"['December', 'January', 'February', 'March', 'April', 'May', 'February', 'March', 'April']",,[],,,Low,,Medium,,,
242,Average,"At least once ""7-10"" days","['full sun', 'part sun/part shade', 'part shade']",['Sandy Loamy Clay Humus'],True,False,"['March', 'April', 'June', 'July', 'August', 'May', 'December', 'January', 'February']",,[],,,High,Low,Medium,,,
243,Average,,"['full sun', 'part sun/part shade']",['Sandy Loamy Clay Humus'],True,False,"['February', 'March', 'April']",,[],,Fall,Low,Low,Medium,,,
244,Frequent,,"['full sun', 'part shade']","['Acidic', ' Humus rich', ' Well-drained']",False,False,"['March', 'April', 'March', 'April', 'March', 'April']",,"['Fungal leaf spot', ' Root rot', '  Deer resistant ']",,Fall,High,Low,Medium,,,
245,Average,"At least once ""7-10"" days","['full sun', 'part sun/part shade']","['Acidic', ' Well-drained']",False,False,"['February', 'February']",,"['Anthracnose', ' Canker', 'sap rot', ' Diptera - true flies', ' Fungal leaf spot', ' Mildew', ' Nematodes', ' Root rot', ' Scale insects', ' Stem borer insects', ' Thrips', '  Deer resistant ']",Flowers in Spring,Fall,Moderate,Moderate,Medium,,,
246,Average,"At least once ""3-4"" days","['full sun', 'part sun/part shade']","['Acidic', ' Well-drained']",False,False,"['February', 'March', 'April']",,"['Anthracnose', ' Canker', 'sap rot', ' Diptera - true flies', ' Fungal leaf spot', ' Mildew', ' Nematodes', ' Root rot', ' Scale insects', ' Stem borer insects', ' Thrips', '  Deer resistant ']",Flowers in Spring,Fall,Moderate,Moderate,Medium,,,
247,Average,"At least once ""7-10"" days","['full sun', 'part sun/part shade']","['Acidic', ' Well-drained']",False,False,['February'],,"['Anthracnose', ' Canker', 'sap rot', ' Diptera - true flies', ' Fungal leaf spot', ' Mildew', ' Nematodes', ' Root rot', ' Scale insects', ' Stem borer insects', ' Thrips', '  Deer resistant ']",Flowers in Spring,Fall,Moderate,Moderate,Medium,,,
248,Average,"At least once ""3-4"" days","['Full sun', ' Part sun/part shade']","['Acidic', ' Well-drained']",False,False,"['February', 'March', 'April']",,"['Anthracnose', ' Canker', 'sap rot', ' Diptera - true flies', ' Fungal leaf spot', ' Mildew', ' Nematodes', ' Root rot', ' Scale insects', ' Stem borer insects', ' Thrips', '  Deer resistant ']",Flowers in Spring,Fall,Moderate,Moderate,Medium,,,
249,Average,"At least once ""7-10"" days","['full sun', 'part sun/part shade']","['Acidic', ' Well-drained']",True,False,"['March', 'April']",,"['Anthracnose', ' Canker', 'sap rot', ' Diptera - true flies', ' Fungal leaf spot', ' Mildew', ' Nematodes', ' Root rot', ' Scale insects', ' Stem borer insects', ' Thrips', '  Deer resistant ']",Flowers in Spring,Fall,Moderate,Moderate,Medium,,,
250,Average,,"['Full sun', ' Part sun/part shade']","['Acidic', ' Well-drained']",False,False,"['February', 'March', 'April']",,"['Anthracnose', ' Canker', 'sap rot', ' Diptera - true flies', ' Fungal leaf spot', ' Mildew', ' Nematodes', ' Root rot', ' Scale insects', ' Stem borer insects', ' Thrips', '  Deer resistant ']",Flowers in Spring,Fall,Moderate,Moderate,Medium,,,
251,Average,"At least once ""7-10"" days","['Full sun', 'part shade']",[],False,False,['February'],,[],,Summer,Low,Low,Medium,,,
252,Average,"At least once ""7-10"" days","['Full sun', 'part shade']",[],True,False,"['February', 'March', 'April', 'May']",,[],,Fall,Low,Low,,,,
253,Frequent,,"['part shade', 'part sun/part shade']",[],True,False,"['February', 'March', 'April']",,[],,Summer,Low,Low,Medium,,,
254,Average,"At least once ""3-4"" days","['Full sun', 'part shade']",[],False,False,"['March', 'April']",,[],,Summer,Low,Low,,,,
255,Average,"At least once ""7-10"" days","['Full sun', 'part shade']",[],False,False,"['February', 'March', 'April']",,[],,Summer,Low,Low,Medium,,,
256,Average,"At least once ""7-10"" days","['Full sun', 'part shade']",[],True,False,"['March', 'April', 'May']",,[],,Summer,Low,Low,,,,
257,Average,"At least once ""3-4"" days","['Full sun', 'part shade']",[],True,False,"['February', 'March', 'April', 'February', 'March', 'May', 'June']",,[],,Fall,Low,Low,Medium,,,
258,Average,"At least once ""3-4"" days","['full sun', 'part shade']",[],False,False,"['February', 'March', 'April', 'May']",,[],,Summer,Low,Low,Medium,,,
259,Average,"At least once ""7-10"" days","['full sun', 'part shade']",[],False,False,['August'],,[],,Summer,Low,Low,,,,
260,Average,"At least once ""3-4"" days","['part sun/part shade', 'part shade']",[],True,False,"['February', 'March', 'April', 'May']",,[],,Summer,Low,Low,Moderate,,,
261,Average,"At least once ""3-4"" days","['Full sun', 'part shade']",[],True,False,"['June', 'July', 'August']",,[],,Summer,Low,Low,Medium,,,
262,Average,"At least once ""7-10"" days","['full sun', 'part shade']",['Well-drained'],False,False,"['February', 'February', 'May']",,"['Anthracnose', ' Nematodes', ' Root rot', ' Scale insects', ' Stem borer insects', ' Thrips', '  Deer resistant', ' Drought resistant ']",Flowers in Spring,Spring,Moderate,Low,Medium,,,
263,Average,"At least once ""7-10"" days","['Full sun', 'part shade']",['Well-drained'],False,False,"['February', 'March', 'April']",,"['Anthracnose', ' Nematodes', ' Root rot', ' Scale insects', ' Stem borer insects', ' Thrips', '  Deer resistant', ' Drought resistant ']",Flowers in Spring,Fall,Moderate,Low,Medium,,,
264,Average,"At least once ""7-10"" days","['full sun', 'part shade']",['Well-drained'],False,False,"['March', 'April', 'March', 'April', 'May']",,"['Anthracnose', ' Nematodes', ' Root rot', ' Scale insects', ' Stem borer insects', ' Thrips', '  Deer resistant', ' Drought resistant ']",Flowers in Spring,Fall,Moderate,Low,,,,
265,Frequent,"At least once ""7-10"" days",['Full sun'],"['Rocky ', ' gravelly ', ' dry']",True,False,"['March', 'April', 'March', 'April']",,"['Fungal leaf spot', '  Drought resistant ']",,Fall,High,Moderate,Medium,,,
266,Average,"At least once ""7-10"" days","['Full sun', ' Part sun/part shade', ' Sheltered']","['Acidic', ' Humus rich', ' Well-drained']",True,False,"['December', 'January', 'February', 'March', 'April', 'May']",,"['Pest resistant', ' Rabbit resistant']",Flowers in Winter,,Low,Low,Medium,,,
267,Average,"At least once ""7-10"" days","['Full sun', ' Part sun/part shade', ' Sheltered']","['Acidic', ' Humus rich', ' Well-drained']",True,False,"['February', 'March', 'April', 'February', 'March', 'April']",,"['Pest resistant', ' Rabbit resistant']",Flowers in Winter,,Low,Low,Medium,,,
268,Frequent,"At least once ""7-10"" days","['full sun', 'part shade']",[],False,False,"['March', 'April']",,[],,,High,,Medium,,,
269,Frequent,,"['full sun', 'part shade']",[],True,True,"['March', 'April', 'August', 'March', 'April', 'August']",,[],,,High,,Moderate,,,
270,Average,,"['full sun', 'part shade']",[],False,False,"['February', 'March', 'April']",,[],,,Low,,Medium,,,
271,Average,"At least once ""7-10"" days","['full sun', 'part shade']",[],False,False,"['December', 'January', 'February', 'March', 'April']",,[],,,High,,Moderate,,,
272,Average,"At least once ""7-10"" days","['full sun', 'part shade']","['Acidic', ' Well-drained']",True,False,"['September', 'October', 'November', 'December', 'January', 'February', 'May']",,"['Pest resistant', ' Disease resistant']",,Fall,Moderate,Moderate,Medium,,,
273,Average,"At least once ""7-10"" days","['full sun', 'part shade']",[],False,False,"['February', 'March', 'April']",,[],,Fall,High,Low,Medium,,,
274,Average,"At least once ""7-10"" days",['full sun'],[],True,False,['February'],,[],,Fall,Low,Low,Medium,,,
275,Average,,"['Full sun', 'part shade']",[],True,True,"['February', 'February']",,[],,Summer,Low,Moderate,Medium,,,
276,Average,"At least once ""7-10"" days",['Full sun'],"['Rocky ', ' gravelly ', ' dry', ' Well-drained']",False,True,"['February', 'March', 'April', 'March', 'April']",,"['Deer resistant', ' Drought resistant']",Flowers in Summer,Fall,High,Low,Medium,,,
277,Average,"At least once ""3-4"" days","['full sun', 'part shade']",[],True,False,"['December', 'January', 'November', 'February']",,[],,Fall,Low,,Medium,,,
278,Minimum,"At least once ""7-10"" days","['full sun', 'part sun/part shade']",[],False,False,"['February', 'March', 'April', 'June', 'July', 'August']",,[],,Fall,High,Low,Medium,,,
279,Average,"At least once ""7-10"" days","['Filtered shade', ' Full sun', ' Part sun/part shade']","['Acidic', ' Well-drained']",True,False,"['February', 'March', 'April']",,"['Scale insects', '  Pest resistant', ' Disease resistant', ' Rabbit resistant', ' Drought resistant ']",Flowers in Spring,Fall,Moderate,Moderate,Medium,,,
280,Average,"At least once ""7-10"" days",['full sun'],['Well-drained'],False,False,"['March', 'April', 'May']",,"['Rodents', '  Pest resistant', ' Disease resistant ']",Flowers in Spring,Fall,Moderate,Low,Medium,,,
281,Average,"At least once ""7-10"" days",['Full sun'],['Well-drained'],False,False,"['February', 'March', 'April', 'March', 'April', 'May', 'June', 'July', 'August', 'September']",,"['Rodents', '  Pest resistant', ' Disease resistant ']",Flowers in Spring,Fall,Moderate,Low,,,,
282,Average,"At least once ""7-10"" days",['Full sun'],['Well-drained'],False,False,"['February', 'March', 'April', 'May']",,"['Rodents', '  Pest resistant', ' Disease resistant ']",Flowers in Spring,Fall,Moderate,Low,,,,
283,Average,"At least once ""7-10"" days",['full sun'],['Well-drained'],False,False,"['March', 'April', 'May']",,"['Rodents', '  Pest resistant', ' Disease resistant ']",Flowers in Spring,Fall,Moderate,Low,,,,
284,Average,"At least once ""7-10"" days",['full sun'],['Well-drained'],False,False,"['February', 'March', 'April']",,"['Rodents', '  Pest resistant', ' Disease resistant ']",Flowers in Spring,Fall,Moderate,Low,Medium,,,
285,Average,"At least once ""7-10"" days",['Full sun'],['Well-drained'],False,False,"['February', 'February']",,"['Rodents', '  Pest resistant', ' Disease resistant ']",Flowers in Spring,Fall,Moderate,Low,Medium,,,
286,Average,"At least once ""7-10"" days",['full sun'],['Well-drained'],False,False,"['February', 'March', 'April', 'May']",,"['Rodents', '  Pest resistant', ' Disease resistant ']",Flowers in Spring,Fall,Moderate,Low,Medium,,,
287,Frequent,"At least once ""7-10"" days",['full sun'],['Well-drained'],False,False,"['February', 'March', 'April']",,"['Rodents', '  Pest resistant', ' Disease resistant ']",Flowers in Spring,,Moderate,Low,Medium,,,
288,Minimum,"At least once ""7-10"" days","['full sun', 'part sun/part shade']",['Well-drained'],True,False,"['March', 'April', 'June', 'July', 'August', 'March', 'April', 'May', 'December', 'January', 'February', 'May', 'June', 'July', 'August']",,"['Pest resistant', ' Disease resistant']",Flowers in Spring,Fall,Low,Moderate,Medium,,,
289,Average,"At least once ""7-10"" days",['full sun'],['Well-drained'],True,False,"['March', 'April', 'May', 'December', 'January', 'February', 'March', 'April']",,"['Pest resistant', ' Disease resistant']",Flowers in Spring,Fall,Low,Moderate,Medium,,,
290,Average,"At least once ""3-4"" days","['full sun', 'part shade']",['Well-drained'],False,False,"['February', 'August', 'December', 'January', 'February', 'August']",,"['Pest resistant', ' Disease resistant']",Flowers in Spring,Summer,Low,Moderate,Medium,,,
291,Average,"At least once ""3-4"" days",['full sun'],['Well-drained'],True,False,"['February', 'March', 'April', 'May']",,"['Pest resistant', ' Disease resistant']",Flowers in Spring,Fall,Low,Moderate,Medium,,,
292,Average,"At least once ""3-4"" days","['full sun', 'part shade']",[],False,False,"['February', 'May']",,[],,Fall,Low,Moderate,Medium,,,
293,Average,"At least once ""3-4"" days","['full sun', 'part sun/part shade']",['Bog'],False,False,"['December', 'January', 'February', 'March', 'April', 'May', 'June', 'July', 'August', 'December', 'January', 'February']",,"['Pest resistant', ' Disease resistant']",Flowers in Spring,Fall,Moderate,Low,Medium,,,
294,Average,"At least once ""7-10"" days",['full sun'],['Sandy Loamy Clay'],True,False,"['March', 'April', 'May']",,"['Anthracnose', ' Fungal leaf spot', ' Rust', ' Stem borer insects', '  Disease resistant', ' Drought resistant ']",,Fall,Moderate,Moderate,Medium,,,
295,Average,"At least once ""10-14"" days",['full sun'],['Sandy Loamy Clay'],True,False,"['February', 'March', 'April', 'December', 'January', 'February']",,"['Anthracnose', ' Fungal leaf spot', ' Rust', ' Stem borer insects', '  Disease resistant', ' Drought resistant ']",,Fall,Moderate,Moderate,Medium,,,
296,Average,"At least once ""7-10"" days",['Full sun'],['Well-drained'],True,True,"['February', 'March', 'April']",,"['Fungal leaf spot', ' Nematodes', ' Root rot', '  Pest resistant', ' Disease resistant', ' Deer resistant', ' Drought resistant ']",Flowers in Spring,Fall,Moderate,Low,Medium,,,
297,Average,"At least once ""7-10"" days",['full sun'],['Well-drained'],True,False,"['September', 'October', 'November', 'February', 'March', 'April', 'June', 'July', 'August']",,"['Fungal leaf spot', ' Nematodes', ' Root rot', '  Pest resistant', ' Disease resistant', ' Deer resistant', ' Drought resistant ']",Flowers in Spring,Autumn,Moderate,Low,Medium,,,
298,Average,"At least once ""7-10"" days",['Full sun'],['Well-drained'],True,False,"['March', 'April', 'March', 'April']",,"['Fungal leaf spot', ' Nematodes', ' Root rot', '  Pest resistant', ' Disease resistant', ' Deer resistant', ' Drought resistant ']",Flowers in Spring,Fall,Moderate,Low,Medium,,,
299,Average,"At least once ""7-10"" days",['full sun'],['Well-drained'],True,False,"['March', 'April', 'May']",,"['Fungal leaf spot', ' Nematodes', ' Root rot', '  Pest resistant', ' Disease resistant', ' Deer resistant', ' Drought resistant ']",Flowers in Spring,Fall,Moderate,Low,Medium,,,
300,Frequent,"At least once ""7-10"" days",['full sun'],['Well-drained'],True,False,"['February', 'March', 'April', 'May', 'May']",,"['Fungal leaf spot', ' Nematodes', ' Root rot', '  Pest resistant', ' Disease resistant', ' Deer resistant', ' Drought resistant ']",Flowers in Spring,Fall,Moderate,Low,Medium,,,
301,Average,"At least once ""7-10"" days",['Full sun'],[],True,True,"['February', 'March', 'April']",,[],,Fall,High,Moderate,Moderate,,,
302,Frequent,,['full sun'],[],True,True,"['February', 'March', 'April']",,[],,,High,Low,,,,
303,Average,,"['full sun', 'part sun/part shade']",['Well-drained'],False,False,"['February', 'January', 'February', 'August', 'July', 'August', 'February', 'August']",,"['Abiotic disorder', ' Fungal leaf spot', ' Mildew', ' Mold', ' Nematodes', '  Deer resistant', ' Rabbit resistant ']",Flowers in Summer,Fall,High,Moderate,Medium,,,
304,Frequent,"At least once ""7-10"" days","['filtered shade', 'full sun']",['Well-drained'],False,True,"['December', 'January', 'February', 'March', 'April', 'June', 'July', 'August']",,"['Abiotic disorder', ' Fungal leaf spot', ' Mildew', ' Mold', ' Nematodes', '  Deer resistant', ' Rabbit resistant ']",Flowers in Summer,Fall,High,Moderate,Medium,,,
305,Average,"At least once ""7-10"" days","['full sun', 'part sun/part shade']",['Well-drained'],False,False,"['August', 'February', 'August', 'February']",,"['Abiotic disorder', ' Fungal leaf spot', ' Mildew', ' Mold', ' Nematodes', '  Deer resistant', ' Rabbit resistant ']",Flowers in Summer,Fall,High,Moderate,,,,
306,Average,,"['Filtered shade', ' Full sun']",['Well-drained'],False,True,"['February', 'March', 'April']",,"['Abiotic disorder', ' Fungal leaf spot', ' Mildew', ' Mold', ' Nematodes', '  Deer resistant', ' Rabbit resistant ']",Flowers in Summer,Fall,High,Moderate,,,,
307,Frequent,"At least once ""7-10"" days",['full sun'],[],True,False,"['March', 'April', 'August', 'May', 'August']",,[],,Fall,Moderate,Moderate,Medium,,,
308,Minimum,"At least once ""7-10"" days","['full sun', 'part sun/part shade']",['Sandy Loamy Clay Rocky'],True,True,"['February', 'March', 'April', 'May']",,[],,Fall,Low,Low,Moderate,,,
309,Average,"At least once ""7-10"" days","['full sun', 'part sun/part shade']",[],True,True,"['May', 'June', 'July', 'May']",,[],,Fall,Low,Low,Low,,,
310,Average,"At least once ""7-10"" days",['Full sun'],['Sandy Loamy Clay Rocky'],True,True,"['February', 'March', 'April']",,[],,,Low,,Medium,,,
311,Average,"At least once ""7-10"" days","['full sun', 'part sun/part shade']","['Rocky ', ' gravelly ', ' dry', ' Well-drained']",True,True,"['May', 'June', 'July', 'May']",,"['Dieback', ' Heart rot', ' Leaf miner insect', ' Mites', ' Nematodes', ' Rust', ' Scale insects', '  Deer resistant', ' Drought resistant ']",Flowers in Spring,Fall,Low,,Moderate,,,
312,Frequent,"At least once ""7-10"" days","['full sun', 'part shade']",[],True,True,"['May', 'June', 'July', 'May']",,[],,,High,,Medium,,,
313,Average,"At least once ""7-10"" days",['Full sun'],"['Humus rich', ' Well-drained']",True,False,"['February', 'March', 'April']",,"['Dieback', ' Root rot', ' Wilt', '  Pest resistant', ' Disease resistant', ' Drought resistant ']",Flowers in Summer,Summer,Low,Low,Medium,,,
314,Average,,['full sun'],"['Humus rich', ' Well-drained']",True,False,"['February', 'March', 'April']",,"['Dieback', ' Root rot', ' Wilt', '  Pest resistant', ' Disease resistant', ' Drought resistant ']",Flowers in Summer,,High,Low,,,,
315,Average,"At least once ""7-10"" days","['full sun', 'part shade']",[],False,False,"['May', 'June', 'July', 'July']",,[],,,Low,,Medium,,,
316,Frequent,,"['full sun', 'part shade']",[],False,False,"['March', 'April', 'May', 'November', 'March']",,[],,,High,,Medium,,,
317,Frequent,,['full sun'],[],True,True,"['February', 'March', 'April', 'May']",,[],,Fall,Low,Moderate,,,,
318,Minimum,,"['full sun', 'part sun/part shade']",['Well-drained'],True,True,"['March', 'April', 'May', 'June', 'July', 'August', 'September', 'May', 'September', 'October', 'November', 'May', 'June', 'July', 'March', 'April', 'May', 'June', 'July', 'August', 'September', 'June', 'July', 'August', 'September', 'October', 'November']",,"['Fungal leaf spot', '  Pest resistant', ' Rabbit resistant', ' Drought resistant ']",,Fall,Moderate,Moderate,Medium,,,
319,Average,"At least once ""7-10"" days",['full sun'],['Acidic'],True,False,"['March', 'April', 'May', 'June', 'July', 'March', 'April', 'May']",,"['Anthracnose', '  Deer resistant', ' Rabbit resistant ']",,,Moderate,Low,Medium,,,
320,Average,"At least once ""7-10"" days",['full sun'],['Acidic'],True,False,"['March', 'April', 'March', 'April', 'June', 'July', 'August', 'August', 'September']",,"['Anthracnose', '  Deer resistant', ' Rabbit resistant ']",,Fall,Moderate,Low,Medium,,,
321,Average,"At least once ""3-4"" days",['full sun'],['Acidic'],False,False,"['February', 'March', 'April']",,"['Anthracnose', '  Deer resistant', ' Rabbit resistant ']",,Fall,Moderate,Low,,,,
322,Average,"At least once ""7-10"" days",['full sun'],['Acidic'],False,False,['February'],,"['Anthracnose', '  Deer resistant', ' Rabbit resistant ']",,Fall,Moderate,Low,Medium,,,
323,Minimum,"At least once ""7-10"" days",['full sun'],['Acidic'],False,False,"['February', 'March', 'April', 'May']",,"['Anthracnose', '  Deer resistant', ' Rabbit resistant ']",,Fall,Moderate,Low,Medium,,,
324,Average,"At least once ""7-10"" days",['Full sun'],['Loamy Humus'],True,False,"['February', 'March', 'April']",,"['Anthracnose', ' Fungal leaf spot', ' Root rot']",,Fall,High,Low,Medium,,,
325,Average,"At least once ""7-10"" days",['Full sun'],['Loamy Humus'],True,False,"['February', 'March', 'April', 'February', 'March']",,"['Anthracnose', ' Fungal leaf spot', ' Root rot']",,Fall,High,Low,Medium,,,
326,Minimum,,['full sun'],['Loamy Humus'],True,False,"['February', 'March', 'April']",,"['Anthracnose', ' Fungal leaf spot', ' Root rot']",Flowers in Summer,Fall,High,Low,Medium,,,
327,Frequent,,['full sun'],['Loamy Humus'],True,False,"['March', 'April', 'May', 'August', 'March', 'April', 'May', 'August', 'May']",,"['Anthracnose', ' Fungal leaf spot', ' Root rot']",,Fall,High,Low,Medium,,,
328,Average,"At least once ""7-10"" days","['Full sun', 'part shade']",[],False,False,"['February', 'March', 'April']",,[],Flowers in Spring,Fall,Low,Low,,,,
329,Average,"At least once ""7-10"" days","['full sun', 'part shade']",[],True,False,"['February', 'March', 'April', 'May']",,[],,Fall,High,Low,Medium,,,
330,Average,"At least once ""3-4"" days","['full sun', 'part shade']",[],True,False,"['February', 'March', 'April', 'May']",,[],,Fall,High,Low,High,,,
331,Average,"At least once ""3-4"" days",['full sun'],[],False,False,"['February', 'March', 'April']",,[],,Fall,High,Low,Medium,,,
332,Average,"At least once ""7-10"" days","['full sun', 'part shade']",[],False,False,"['May', 'June', 'July', 'March', 'April', 'May', 'May']",,[],,,High,,Medium,,,
333,Average,"At least once ""7-10"" days","['full sun', 'part shade']",[],True,True,"['March', 'April', 'March', 'April']",,[],Flowers in Spring,Fall,High,Low,High,,,
334,Minimum,"At least once ""7-10"" days","['full sun', 'part shade']",[],False,False,"['March', 'April']",,[],,,Low,,Medium,,,
335,Frequent,"At least once ""7-10"" days",['full sun'],[],True,True,"['February', 'March', 'April']",,[],,,High,,High,,,
336,Average,"At least once ""3-4"" days",['full sun'],[],False,False,"['March', 'April', 'May', 'February', 'March', 'April', 'May']",,[],,,High,,Medium,,,
337,Average,"At least once ""7-10"" days","['full sun', 'part shade']",[],False,False,"['February', 'March', 'April']",,[],,,Low,,Medium,,,
338,Average,"At least once ""7-10"" days","['full sun', 'part shade']","['Humus rich', ' Well-drained']",False,False,"['March', 'April', 'April', 'May', 'June', 'July', 'May', 'June']",,"['Pest resistant', ' Disease resistant']",Flowers in Spring,Fall,Low,Moderate,Medium,,,
339,Average,"At least once ""7-10"" days","['Full sun', 'part shade']",['Well-drained'],True,True,['February'],,"['Diptera - true flies', ' Leaf miner insect', ' Stem borer insects']",,Fall,Moderate,Moderate,Medium,,,
340,Average,"At least once ""7-10"" days","['full sun', 'part shade']",['Well-drained'],False,False,"['March', 'April']",,"['Diptera - true flies', ' Leaf miner insect', ' Stem borer insects']",,Fall,Moderate,Moderate,Medium,,,
341,Average,"At least once ""7-10"" days","['Full sun', 'part shade']",['Well-drained'],False,False,"['March', 'April', 'May', 'June', 'July', 'August', 'September', 'March', 'April', 'March', 'April', 'May', 'June', 'July', 'August', 'September']",,"['Diptera - true flies', ' Leaf miner insect', ' Stem borer insects']",,Fall,Moderate,Moderate,Medium,,,
342,Average,"At least once ""7-10"" days","['Full sun', 'part shade']",['Well-drained'],False,False,"['May', 'June', 'July']",,"['Diptera - true flies', ' Leaf miner insect', ' Stem borer insects']",,Fall,Moderate,Moderate,,,,
343,Average,"At least once ""7-10"" days","['full sun', 'part shade']",['Well-drained'],False,False,"['May', 'June', 'July']",,"['Diptera - true flies', ' Leaf miner insect', ' Stem borer insects']",,Fall,Moderate,Moderate,Medium,,,
344,Average,"At least once ""7-10"" days","['full sun', 'part sun/part shade']","['Humus rich', ' Well-drained']",False,False,"['February', 'March', 'April']",,"['Scale insects', '  Pest resistant', ' Disease resistant ']",Flowers in Spring,,Low,Moderate,,,,
345,Frequent,"At least once ""7-10"" days","['full sun', 'part sun/part shade']","['Humus rich', ' Well-drained']",False,False,"['March', 'April', 'March', 'April', 'May', 'March', 'April', 'May']",,"['Scale insects', '  Pest resistant', ' Disease resistant ']",Flowers in Spring,Fall,Low,Moderate,,,,
346,Average,"At least once ""3-4"" days",['full sun'],"['Humus rich', ' Well-drained']",False,True,"['February', 'March', 'April']",,"['Pest resistant', ' Disease resistant']",Flowers in Spring,Fall,Moderate,Moderate,Medium,,,
347,Average,"At least once ""7-10"" days",['Full sun'],['Well-drained'],False,False,"['March', 'April', 'May', 'June', 'July']",,['Deer resistant'],Flowers in Spring,Fall,Moderate,,,,,
348,Frequent,"At least once ""7-10"" days",['full sun'],['Well-drained'],False,False,"['February', 'March', 'April', 'May']",,['Deer resistant'],Flowers in Spring,Fall,Moderate,,Medium,,,
349,Average,"At least once ""3-4"" days","['full sun', 'part sun/part shade']","['Acidic', ' Well-drained']",False,False,"['December', 'January', 'February', 'May', 'June', 'July', 'May']",,"['Anthracnose', ' Bacterial leaf spot', ' Dieback', ' Scale insects']",Flowers in Spring,Fall,Moderate,,Medium,,,
350,Average,,"['full sun', 'part sun/part shade']","['Acidic', ' Well-drained']",False,False,"['February', 'March', 'April']",,"['Anthracnose', ' Bacterial leaf spot', ' Dieback', ' Scale insects']",Flowers in Spring,Fall,Moderate,,Medium,,,
351,Frequent,"At least once ""3-4"" days",['full sun'],[],False,False,"['February', 'March', 'April', 'May']",,[],,Fall,High,,Medium,,,
352,Average,"At least once ""7-10"" days",['full sun'],[],True,False,"['March', 'April']",,[],,Fall,High,,Medium,,,
353,Frequent,"At least once ""3-4"" days",['full sun'],[],False,False,"['March', 'April']",,[],,Fall,Low,,Medium,,,
354,Frequent,"At least once ""3-4"" days","['full sun', 'filtered shade']",[],False,False,"['February', 'March', 'April']",,[],Flowers in Spring,Fall,High,High,Medium,,,
355,Average,"At least once ""3-4"" days","['full sun', 'part shade']",[],False,False,"['February', 'March', 'April']",,[],,,Low,,Medium,,,
356,Average,"At least once ""7-10"" days",['full sun'],[],True,True,"['February', 'March', 'April', 'June', 'July', 'August']",,[],,Fall,High,,Medium,,,
357,Frequent,"At least once ""7-10"" days",['full sun'],[],False,False,"['February', 'March', 'April']",,[],,Fall,Low,,Medium,,,
358,Frequent,"At least once ""7-10"" days",['full sun'],[],False,False,"['March', 'April', 'March', 'April', 'May', 'August']",,[],,Fall,High,,Medium,,,
359,Average,"At least once ""3-4"" days",['full sun'],[],True,True,"['February', 'March', 'April', 'May']",,[],,Fall,High,,,,,
360,Average,"At least once ""3-4"" days",['full sun'],[],False,False,"['February', 'March', 'April']",,[],Flowers in Spring,,Low,Low,Moderate,,,
361,Average,"At least once ""3-4"" days",['full sun'],[],False,False,"['February', 'March', 'April', 'August', 'June', 'July', 'August']",,[],,Fall,High,,Medium,,,
362,Frequent,"At least once ""7-10"" days",['full sun'],[],False,False,"['March', 'April', 'May', 'February', 'June', 'July']",,[],,Fall,High,,,,,
363,Frequent,"At least once ""7-10"" days","['full sun', 'part shade']",[],False,False,"['March', 'April', 'May', 'June', 'July', 'August']",,[],,Fall,Low,,Medium,,,
364,Frequent,"At least once ""7-10"" days",['full sun'],[],False,False,['February'],,[],,Fall,Low,,Medium,,,
365,Frequent,"At least once ""7-10"" days",['full sun'],[],True,False,"['February', 'March', 'April', 'May']",,[],,Fall,Low,,Medium,,,
366,Average,"At least once ""7-10"" days","['full sun', 'part sun/part shade']",[],False,False,"['February', 'March', 'April']",,[],,Summer,High,,Medium,,,
367,Frequent,"At least once ""7-10"" days",['full sun'],[],False,False,['February'],,[],,Fall,High,,,,,
368,Average,"At least once ""7-10"" days",['full sun'],[],False,False,"['February', 'March', 'April', 'February', 'April']",,[],Flowers in Spring,Fall,High,High,Medium,,,
369,Frequent,"At least once ""7-10"" days","['full sun', 'part shade']",[],False,False,"['February', 'March', 'April']",,[],,Fall,High,,Medium,,,
370,Frequent,"At least once ""7-10"" days","['full sun', 'part shade']",[],False,False,"['March', 'April']",,[],Flowers in Spring,Fall,High,High,Medium,,,
371,Frequent,"At least once ""7-10"" days",['full sun'],[],True,True,"['December', 'January', 'February']",,[],,Fall,Low,,Medium,,,
372,Average,"At least once ""3-4"" days",['full sun'],[],False,False,['February'],,[],Flowers in Spring,,Low,Low,Medium,,,
373,Frequent,"At least once ""3-4"" days","['full sun', 'part shade']",[],False,False,"['February', 'March', 'April']",,[],,Fall,High,,Medium,,,
374,Average,"At least once ""3-4"" days",['full sun'],[],False,False,"['February', 'March', 'April']",,[],,,High,,Medium,,,
375,Frequent,"At least once ""3-4"" days",['full sun'],[],False,False,"['February', 'March', 'April']",,[],,Fall,High,,Medium,,,
376,Frequent,"At least once ""7-10"" days",['full sun'],[],False,False,"['December', 'January', 'February', 'December', 'February']",,[],,Fall,High,,Medium,,,
377,Average,"At least once ""7-10"" days",['full sun'],[],True,True,"['February', 'March', 'April']",,[],,,High,Low,Medium,,,
378,Frequent,"At least once ""7-10"" days","['full sun', 'part shade']",[],False,False,"['March', 'April']",,[],,Fall,Low,,Medium,,,
379,Average,"At least once ""7-10"" days","['full sun', 'part shade']",[],True,False,"['March', 'April']",,[],,,Low,,Moderate,,,
380,Frequent,"At least once ""7-10"" days",['full sun'],[],False,False,"['February', 'March', 'April', 'May']",,[],,,High,,,,,
381,Average,"At least once ""7-10"" days",['full sun'],[],True,True,"['February', 'March', 'April']",,[],,,Low,,Medium,,,
382,Average,"At least once ""7-10"" days",['full sun'],[],True,False,"['March', 'April', 'May', 'June', 'July', 'August']",,[],,,High,Moderate,Medium,,,
383,Average,"At least once ""3-4"" days",['full sun'],[],True,False,"['February', 'February', 'March']",,[],,Fall,High,,,,,
384,Frequent,"At least once ""7-10"" days",['full sun'],[],True,False,"['February', 'March', 'April', 'March', 'April', 'May', 'June', 'July', 'August', 'September']",,[],,Summer,High,,,,,
385,Average,"At least once ""3-4"" days","['full sun', 'part sun/part shade']",[],False,False,"['February', 'March', 'April', 'May', 'March', 'April', 'May', 'May', 'March', 'April', 'May', 'June', 'July', 'August', 'September']",,[],,Fall,High,,,,,
386,Average,,['full sun'],[],False,False,"['March', 'April', 'March', 'April', 'May', 'May', 'March', 'April', 'May', 'June', 'July', 'August', 'September']",,[],,Fall,Low,,Moderate,,,
387,Frequent,"At least once ""7-10"" days",['full sun'],[],False,False,"['March', 'April', 'March', 'April', 'May', 'June', 'July', 'August', 'September']",,[],,Fall,High,,,,,
388,Average,,['full sun'],"['Acidic', ' Humus rich', ' Well-drained']",True,True,"['February', 'March', 'April']",,"['Pest resistant', ' Disease resistant', ' Deer resistant']",Flowers in Spring,,High,Low,,,,
389,Frequent,,['full sun'],"['Acidic', ' Humus rich', ' Well-drained']",True,False,"['November', 'December', 'January', 'February', 'June', 'December', 'January', 'February']",,"['Pest resistant', ' Disease resistant', ' Deer resistant']",Flowers in Spring,,High,Low,Medium,,,
390,Average,"At least once ""7-10"" days","['full sun', 'part sun/part shade', 'sheltered']","['Acidic', ' Well-drained']",True,True,"['February', 'March', 'April', 'February', 'March']",,"['Dieback', ' Fungal leaf spot', ' Galls', ' Heart rot', ' Leaf miner insect', ' Mites', ' Rust', ' Scale insects', '  Pest resistant', ' Disease resistant ']",Flowers in Spring,Fall,Moderate,Low,Medium,,,
391,Average,"At least once ""7-10"" days",['full sun'],['Well-drained'],True,True,"['February', 'March', 'April']",,"['Pest resistant', ' Disease resistant', ' Drought resistant']",,Fall,Moderate,Moderate,Moderate,,,
392,Average,"At least once ""7-10"" days","['full sun', 'part shade']",[],True,False,"['February', 'March', 'April', 'March', 'April', 'May', 'June', 'July', 'August', 'September']",,[],,Fall,Low,,Medium,,,
393,Average,"At least once ""7-10"" days",['full sun'],"['Acidic', ' Well-drained']",True,False,"['September', 'October', 'November', 'December', 'January', 'February', 'May']",,"['Pest resistant', ' Disease resistant']",Flowers in Winter,Fall,Moderate,Moderate,,,,
394,Average,,"['full sun', 'part sun/part shade', 'sheltered']",['Well-drained'],False,False,"['February', 'February', 'March', 'November', 'December']",,"['Dieback', ' Fungal leaf spot', ' Heart rot', ' Root rot']",Flowers in Spring,Fall,High,Moderate,Medium,,,
395,Average,"At least once ""3-4"" days","['Full sun', ' Part sun/part shade']","['Acidic', ' Well-drained']",False,False,"['February', 'March', 'April']",,"['Galls', ' Mites', ' Stem borer insects', '  Drought resistant ']",,,High,Low,Medium,,,
